BROWSERS,CLOUD STORAGE,FINANCE,GAMES,KEYBOARDS,LAUNCHERS,MEDIA,NAVIGATION,NEWS,SHOPPING,SOCIAL,UTILITIES,WEATHER,EBOOK/MAGAZINE,PHOTO,GOOGLE,PERSONALIZATION,HEALTH,LIFESTYLE,FLASHLIGHTS,CARRIER,MUSIC
android browser,Amazon Cloud Drive,alliance cu,1024,ai.type keyboard+,Action Launcher,4oD,2GIS,20 Minuten,Airbnb,4shared,/du:/,1weather,Aldiko,Aviary,androidify,12 Hours,7 Minute Workout,20 Minute Meals,flashlight,AT&T Family Map,
Boat browser,bitcasa,Alliant mobile banking,2048,emoji smart,ADW Launcher,8tracks radio,AA,abc news,aldi talk,8sms,1password,3d flipclock and world weather ,Bible,camcloud,cardboard (google),3d parallaxwallpapers,A HIIT Interval timer,All the Cooks,Flashlight + disco,AT&T Locker,
Boat mini,bittorrent sync,ally,10 More Bullets,fleksy,ADW Launcher EX,ableremote,Alltrails,Android Authority,AliExpress,9gag,360 Security,accuweather,Bible study,camera,chrome,3dparallaxbackground,abs workout,allrecipes,com.formichelli.flashlight,AT&T Smart Wifi,
Dolphin,box,amex,100 balls,go keyboard,ADW Notifier,airsync,AutoMapa,android central,allegro,AdottaUnRagazzo,3D watchdog pro,atmosHere,dict.cc,Camera 2,chrome beta,ac display,Aikido Dictionary,BeerAdvocate,HOLOYOLO,AT&TMobileLocate,
dolphin jetpack,copy,arvest,7 little words,Kii,Apex Launcher,Album Art Grabber,Basel & Regio,Appy Geek,amazon,AIM,3DMark,ATsWeather,dictionary word web,camera 360,chromecast,aitype emoji plugin,APFT & body fat calc,Big Oven,Spicy flashlight,My AT&T,
dolphin mini,crashplan,ASB Mobile Banking,7x7,Minuum,Apex Notifier,allcast,Blue Bird Taxi,ask me anything,amazon app store,Andchat,A1 SD Bench,BBC weather,dictionary.com,camera ace,drive,AlarmClockdoubletwist,Bike Gear Calculator,Birds of NA,super bright LED flashlight,my gifgaf,
dolphin zero,crashplanpro,ASB Mobile Business,8 Ball Pool,Siine Shortcut,Aviate Launcher?,AMC theatres,C Geo,B/R Team Stream,amazon fresh,Android Authority,abFiles,beautiful live weather,English dictionary,Camera FV-5,earth,android L moto theme,Boxing Trainer,BrewR,tiny flashlight + LED,my verizon mobile,
firefox,dropbox,Banco Saldo?,Akinator the Genie,Swiftkey,Buzz Launcher,Androvid editor,Citymapper,bbc news,amazon local,androidhilfe,aCalendar,beWeather,FBReader,camera zoom fx,field trip,android tweaker 2,caloriecounter mynetdiary,Cookbook,,Sprint music plus,
firefox beta,G Cloud Backup,bank of america,all the worms buh,swype,Dodol,antennapod,CoPilot,bbc sports,amazon mp3,aqua mail,Action Box,buienalarm,GoldenDict,camerazoomfx geo,gmail,Attentive,Cessation Nation,coursera,,Sprint worldwide,
Javelin,MediaFire,Banking 4A Starter,Anomoly Korea,Thumb keyboard,Epic Launcher,anyview,CycleStreets,Beppegrillo.it,amazon price check,ATT visual voicemail,ad block plus?,buienradar,gospel library,camscanner,google +,Aurora UI,endomondo,Duolingo,,SprintTV & Movies,
Lightning,mega,Barclays,asphalt 8,,Go Launcher,AOL on,Dash,BGR,Amway Atmosphere,avocado,Ad free?,Clean BBC weather,isuu,Clone Yourself,google admin,Banded Icons,fitbit,eSpring Experience,,Telus My Account,
Link Bubble,mozy,Barclays Pingit,Assassins Creed Unity,,Holo Launcher HD,art flow,DB navigator,buzzfeed,Appsales,bacon reader,adaway,eye in the sky,Lone Wolf Saga,cmcamera,google adsense,beautiful theme,Fitocracy,essential anatomy3,,TM familyorganizer,
Maxthon,OneDrive,Betterment,autocad 360,,KK,audible,ecomotori,bwin sports?,Argos,badoo,adobe air,Fucking Weather,Merriam-Webster,Color Picker,Google Analytics,beautiful widgets,Freecycle,evernote food,,TM Mobile Life ,
Next,ownCloud,bill guard,Badland,,Lightning Launcher,AudioManagerPro,Falcon Taxis,cbs,Autoscout24,Band,Adobe flash player,Hurricane American Red Cross,Quick Bible,Focal,google apps device policy,Blur Free,gymrat,first aid-rc,,TM MyAccount,
opera,sugarsync,bitcoin,battle.net mobile authenticator,,Lucid Launcher,audiotagger,Find Free Parking,cbs sports,Avis,bandsintown,adobe reader,ilmeteo weather plus,Viz Profanisaurus,Light Camera,google authenticator,Circlons,Headspace,habit flow,,TM name ID?,
Orweb,Syncthing,BKB,Battlelog,,Nova Launcher,BBC iplayer,GPS Nav and maps,circa news,belly,Banjo,Advanced Task Killer,insta weather pro,Wattpad,Line Camera,google calendar,Circlons,Instant Heart Rate Pro,habitbull,,TM TV,
Puffin,Unclouded,bluebird,beach buggy blitz,,Solo ,bbc iplayer radio,GPS Status & Toolbox,cnet,best buy,bbm,Agent,Met Office,Zite,Perfect Shot,google camera,Click UI Icons,jefit pro,Harmony,,TM visualvoicemail,
TapPath,,Breeze,bejeweled blitz,,,bbc media player,ISSLive,cnn,Booking.com,blogger,aide,PYKL3 Radar,,Phogy,Google Docs,clock widget experia,Just 6 Weeks,Houzz,,Verizon FIOS,
opera mini,,CACU,bitstrips,,,Beamly,Locus Map Pro,congress,Bravofly,blue mail,airdroid,radarscope,,photo collage,google finance,CM Locker,Lift,How to Tie a Tie,,Verizon Messages,
UC,,capital one,blendoku,,,beats music,London Motorcyclepark,crackberry,Burger King,Bria,AIVC Alice ,The Weather Network,,photo editor,google goggles,cm theme showcase,LoveCycles,iPatente,,,
,,cashgroup geldautomaten,Blip Blup,,,best voice changer,lyft,Cricbuzz,Canadian Tire,buffer,alarm clock xtreme free,weather and clock widg,,photogridcollage,google inbox,cover,my fitness pal,job search,,,
,,chase mobile,Bloons TD 5,,,beyondpod,Lynx taxis,daily mail,cars.com,Chanu,alarm pad,weather bug,,photoshop express,google keyboard,Cryten Icons,Nike Running,jobs career builder,,,
,,check,Boom Beach,,,BitTorrent,mapfactor,digg,CheapOair,ChatON,alarm?,weather channel,,photoshop touch,Google My Business,Dab Icons,Noom,KicksOnFire,,,
,,citibank,BT Controller,,,BitTorrent Remote?,mapquest,doggcatcher,CHIP Online,ChompSMS,Alfresco,Weather pro,,PhotoViva,Google Now Launcher,dark chic theme,Noom Coach,Lumosity,,,
,,Citizens Bank RBS,Bubble Witch Saga 2,,,bluetoothconnect&play,Maps Measure,Drippler,clapp,circle,aLogcat,Weather underground,,pic collage,Google Opinion Rewards,Dash UI Icons,Noom Walk,monster job search,,,
,,Comdirect Mobile,Can Knockdown 2,,,BubbleUPnP,metro milano?,Drudge Report,clapp notify,Cisco Webex Meetings,always correct?,Wetter warner,,picasa,Google Search,DepthPhoto3Dwalls,OCD ,MosaLingua,,,
,,comm bank,candy crush,,,Camera GIF Creator,Moovit,engadget,Cleartrip IRCTC,cloudmagic,andlytics,Wetter.com,,picframe,Google Settings,Domo Icons,Pedometer,My Class Schedule,,,
,,credit karma,card wars,,,carousel,My transport singapore,espn radio,dominos,Conversations,andmade share,yahoo weather,,PicsArt,Google Sheets,Echo lockscreen,pedometer ,Nest,,,
,,Currency,Cardcast,,,cartoon network video,National Rail Enquiries,espn sports center,dscout,crackberry forums,Andro 12c financial calculator,,,PicSay,google slides,Elun Icons,Round/Workout Timer,Pet first aid-rc,,,
,,DBS mBanking,castle storm,,,castpad,Navigon,Eurosport.com,dunkin donuts,Cubie,android activities,,,pixlr,google voice,fancy widgets,Runkeeper,Piazza,,,
,,discover,catbug,,,CGV,Northern Rail,Fantasy Football Buddy,ebay,Current Caller ID & Block,android gallery?,,,pixlrexpress,Google wallet,flashMe,runtastic,pocket planets,,,
,,Easy Banking,character design shuffle,,,Change my voice,NYC Subway Times,feedly,Enel Energia,email,android IRC for slimroms?,,,PowerCam,hangouts,Flatastico Icons,Runtastic heart rate pro,Prayer Times,,,
,,ENT,Chess Analyze this,,,character design shuffle,offi directions,fifa,etsy,EvolveSMS,Android JIRA Client,,,quickpic,hangouts dialer,Flatee icons,Runtastic me,private diary,,,
,,etrade,chess free,,,chord! free,offi network plans,Financial Times,expedia,facebook,android lost,,,retrica,Helpouts,Flatwallpapers -droid,Runtastic Timer,Privatelottomachine,,,
,,Expense IQ,chess time,,,Cifra Club Tuner,offi stations,flipboard,F-Droid,faces in,Android speaker cleaner?,,,retrocam,I/O,flow home,samsung health,Rate Beer,,,
,,expense manager,chess.com - play and learn,,,cinemagram,OV - chipkaart,flowly pro,Fancy,falcon ,android tuner,,,vignette,maps,Galaxy x5 theme,WomanLog Pro,simply hired,,,
,,expense manager bishinews,chess.com classic,,,cinemark,Pronto Treno,Flyne,five guys,,Android Wear Preview?,,,vignette gallery,movie studio,go sms emoji plugin,Zombies Run!,sleep as android,,,
,,fairPay - not now,clash of clans,,,cinetrailer,Reisplanner,Forza Soccer,freecharge,FB Pages Manager,antutu benchmark,,,vsco cam,my tracks,Goolars eclipseicons,,sleep cycle alarm,,,
,,fidelityinvestment,clicking bad,,,Cineworld Cinemas,richtig-tanken,GIGA,gasbuddy,fbmessenger,any do to-do list,,,Zoe,News and Weather,Goolars squaretheme,,sleepstats,,,
,,Financisto,Color Zen,,,CMT,SBB Mobile,gReader,GBK,fenix,Any Screen Timeout,,,Fragment,photos,Gradient wallpapers,,SleepyTime,,,
,,Fineco,Compulsive,,,colr,scout,habrahabr,Geico,flickr,Anyconnect,,,,places for business?,Haunted House 3D,,swim red cross,,,
,,First Direct,CPS2HD Emulator,,,Comedy Central,SeoulBus,Hacker news droid,Glympse,flow for reddit,APG,,,,play books,HiFont,,Timetable,,,
,,GECU mobile,Cross DJ pro,,,comics,SEPTA Instant,Hardlopen met Evy,GNC,followers +,APK App share bluetooth,,,,play games,HK theme manager?,,U of Phoenix,,,
,,Halifax,ct OS mobile,,,Cover art downloader,Shell Motorist,heise online,great clips,foursquare,app cache cleaner,,,,play movies & tv,Influx Icons,,Udacity,,,
,,HL Live,Cut the Rope,,,Crackle,sigalert,HLN.be,groupon,Fprum Runner,App Eater,,,,play music,Jelly Bean Clock,,White Noise,,,
,,HSBC,Dead Ahead,,,Crunchyroll Anime,Sitegeist,Huffington Post,Grubhub,Glide,app settings?,,,,play newstand,Jive Icons,,,,,
,,ING,Deemo,,,Crunchyroll Manga,Speedview Pro,imore,Gumtree,gosmspro,Applock,,,,play store,Light manager pro,,,,,
,,ING direct ,deep dungeons of doom,,,CW network,Sygic,Instapaper,HomeAway VRBO,Groove IP,archWiki Viewer,,,,Sky Map,Loopr,,,,,
,,La tua banca,dethroned,,,d/l MP3?,TeleNav GPS TMO,Italian Soccor,Hotel Tonight,GroupMe,ask fm,,,,translate,Lumos Icons,,,,,
,,level money,Diner Dash,,,dark horse comics,thetrainline,kicktipp,HotUKDeals,handcent?handsent?,assist,,,,youtube,Minimal Hera Icons,,,,,
,,Lloyds Bank,Dominoes Score Pad,,,Datpiff,trains timetable pro,LA times,hungryhouse,HaxSync,astro file manager,,,,Fit,Minimal wallpapers,,,,,
,,Maybank2u Malaysia,Dont tap the white tile,,,DaTuner,Transit,Mackolik,IHOP,Hello SMS,Atomic Green Plus,,,,,minimilist text,,,,,
,,mBank PL,Doodle basketball 2,,,DC Comics,TripIt,Mashable,ikea,Hide Wazsap Invisible,AUP,,,,,moonshine icons,,,,,
,,Mint,doodle jump,,,Demand 5,Tubemap,MLB at bat,Indigo,Home Brew,AutHomationHD,,,,,Morena Icons,,,,,
,,Mobile Banking UniCredit,dots,,,Demi Lovato Official,uber,NBA gametime,Just Eat,hoverchat,authy-2,,,,,Moto Wallpapers,,,,,
,,My expenses,dots online,,,Deviant Art Mobile,UK Motorcycleparking,NBC,kayak,IFTTT,auto bright,,,,,mountainsnowwallpap,,,,,
,,My Webmoney,drastic,,,DI Radio,US Airways,News Republic,kijiji,Instafollow,Auto Cache Cleaner,,,,,MOW wallpapers,,,,,
,,NAB,duckduckgo,,,Digitally Imported Radio,waze,News24,kijiji it,instagram,Auto Remote,,,,,Murum Wallpapers,,,,,
,,Navy Federal CU,dumb ways to die,,,direct tv,WeRide,NFL Mobile,kundencenter,IRCCloud,auto ring,,,,,muzei,,,,,
,,paypal,ESPN Streak for the Cash,,,discovery channel,,NFL Teams?,Living Social,k9 mail,autocast,,,,,Naxos Taz Icons,,,,,
,,paypal here,farm heroes saga,,,dish,,npr,localicious?,Kakao Talk,autolaunch,,,,,Neon Glow Icons,,,,,
,,PNC,Final Strike 3D,,,Dolphin Reader,,NPR One,Marco's,Kaskus,autolocation,,,,,Nimbus theme,,,,,
,,PNC Vitrual Wallet,five nights at freddys,,,doubletwist ,,NU.nl,McDonalds,keepchat?,AutoNotification,,,,,Noloc widgets,,,,,
,,postbank finanzassistent,five nights at freddys 2,,,Doze,,onefootball,Mobile Bandit,kik,autovera,,,,,Nox Icons,,,,,
,,Rabo Bankieren,flappy bird,,,Easy MP3 cutter?,,onefootball brasil - world cup,my paid apps,linkedin,autovoice,,,,,offcorner icons,,,,,
,,RBC Mobile,Flappy Golf,,,Ekolayzer,,Phandroid News,Nandos,LMATFY,avast mobile security,,,,,Peek Icon pack,,,,,
,,RBS Royal Bank,Flappy48,,,Entertain RC,,Pocket WM 2014,newegg,Look of Disapproval,avira,,,,,Perapp fonts?,,,,,
,,receipt match - amex,Flick Home Run,,,equalizer,,podcast addict,O2 Priority,Lovoo,aws,,,,,Pie control,,,,,
,,regions bank,flow free,,,eska rock,,Politico,open table,mailbox,backup and restore?,,,,,plus donation,,,,,
,,RushCard,follow the line,,,f-stop media gallery,,press,Orbitz,MailDroid,barcode scanner,,,,,Pop UI Icons,,,,,
,,Sartander Business Banking,freecell free (brainium),,,Fabrik,,reddit news,Out of Milk,MailDroid themes,barcode scanners - manatee works,,,,,Poweramp skin,,,,,
,,scotia bank,frozen synapse?,,,facets,,rss,papa johns,match.com,basecamp,,,,,Project Hera Theme,,,,,
,,Sigfig,Fruit Ninja,,,fandango,,scanner radio,Pay by Phone,Meetup,basin,,,,,rotox icons,,,,,
,,simple,fsim spaceshuttle,,,Filmon EU live TV chromecast,,Shizuku Talk,pay tm,messages?,battery calibration,,,,,S-5 theme?,,,,,
,,Smile,gamefly,,,flipagram,,Ski Tracks,Priceline,messaging plus,Battery Doctor,,,,,s5 theme?,,,,,
,,T2Expense,gamestop,,,flixster,,Soccor livescores,Quidco,mighty text,Battery HD Pro,,,,,Senso Icons,,,,,
,,Tangerine,GBA.emu,,,Floating Music,,soccor scores pro,Realtor.com,Mimi,battery widget reborn,,,,,Shade Saffire CM11,,,,,
,,TD,geometrydash,,,FM radio?,,spiegel online - news,Retale,mobilbox pro,BatteryBot ,,,,,simple rounds icons,,,,,
,,toshl finance,GFXBench 3.0 ,,,Foobar2000,,stumbleupon,Ringo,Motorola voicemail?,BBQLog,,,,,Solstice icons,,,,,
,,TradeKing Mobile,godville,,,Fox Fan,,Tagesschau,Room 77,myMail,Behang,,,,,spectrum PD icons,,,,,
,,US Bank,granny smith,,,Framelapse Pro,,The Globe and Mail,Sella It,Nitro X S,betacular betfair?,,,,,stark icons,,,,,
,,USAA,Grimma,,,free music?,,the guardian,ShopRite,nymgo,better battery stats,,,,,Stock UI,,,,,
,,Visa Qiwi Wallet,GTA San Andreas,,,FX Guru,,The Independant,skyscanner,okcupid dating,bing,,,,,Tersus Icons,,,,,
,,vr.de,GTA Vice City,,,gallery,,the verge,Slice,oovoo,BitBeaker,,,,,theme manager,,,,,
,,Wallet,Hack Ex,,,gallerynext (CM),,thescore,Slickdeals,outlook,bitdefender antivirus,,,,,Time Battle next 3dwall,,,,,
,,wells fargo ,happy street,,,go pro,,tiny tiny RSS,snapdeal,Path,bitshark,,,,,tinted status bar?,,,,,
,,Westpac,Hay Day,,,groovy,,TMZ,starbucks,people (contacts),blackboard,,,,,Trim,,,,,
,,Woodforest Mobile Banking,Heroes and castles,,,Gtunes music V8?,,TWC Sportsnet,Stocard,phone,bluetooth,,,,,Unicon,,,,,
,,XE Currency,hex,,,HaikuJAM,,univision,Street Food Victoria,Photo Repost,Bluetooth Auto Connect,,,,,Velur Icons,,,,,
,,My expenses key,hill climb racing,,,Hak5,,univision deportes,stubhub,pinterest,bluetooth file transfer,,,,,versicolor icons,,,,,
,,state bank anywhere,Hitman Go,,,hbo go,,USA Today,Target,plume,boot manager,,,,,Vintage icons,,,,,
,,ACCU mobile,HR Classic,,,HD movies?,,Washington Post,ting,POFDating,boot unlocker for nexus,,,,,vivid v2 icons,,,,,
,,,Hubble Bubbles,,,homestyler,,WatchESPN,trip advisor,QKSms,bubble level,,,,,wallbase,,,,,
,,,humble bundle,,,hulu +,,wect 6 local news,tripcase,QQ,build prop editor,,,,,wallpaper set and save,,,,,
,,,iChess,,,ID3 music tag editor,,WWLP news,Trulia,QuasselDroid,burner,,,,,wallsies,,,,,
,,,ids tools - minecraft,,,iheartradio,,yahoo,Trulia for rent,Quora,Business Calendar,,,,,wlpapR,,,,,
,,,IGN Entertainment,,,imdb,,yahoo fantasy sports,urbanspoon,reddit now,Business Tasks,,,,,yet another flat icon,,,,,
,,,ingress,,,imgur,,yahoo news digest,Versus,reddit sync,busybox,,,,,Yoma,,,,,
,,,jack and jill,,,imgur android,,ZDFheute,Vouchercloud,redditisfun,busybox on rails,,,,,zooper,,,,,
,,,Jelly Defense,,,Instaframe,,Watson News,Vouchercodes UK,Repost for Instagram,C Locker ,,,,,zooper by beard,,,,,
,,,jetpack joyride,,,Instanocrop,,,walgreens,Ringo Pro,cachemate,,,,,zooper by beard 2,,,,,
,,,jumping finn turbo,,,Instaquote,,,walmart,robird,cal,,,,,zooper widgets gallery,,,,,
,,,kami,,,Instasize,,,wish,Schemes,calcu,,,,,buzz widget,,,,,
,,,Kingdom Rush,,,internet radio,,,yellow pages,secret,calculator,,,,,,,,,,
,,,Lep's World,,,iSyncr,,,zagat,skout,calculator -cm,,,,,,,,,,
,,,lone wolf,,,ITV,,,Zalondo,skype,calendar,,,,,,,,,,
,,,Lyne,,,kindle,,,zappos,sliding messaging,calendar status pro,,,,,,,,,,
,,,Make it Rain,,,Lakitu,,,zillow,Slingshot,Call Control,,,,,,,,,,
,,,manuganu,,,Lapse It,,,Amazon Seller,sms popup,call logs backup and restore,,,,,,,,,,
,,,MC4,,,lastfm,,,,SMS Rage Faces,call recorder,,,,,,,,,,
,,,MD.emu,,,layar,,,,snapchat,calltrack,,,,,,,,,,
,,,minecraft,,,legal heat,,,,Songkick,camera info,,,,,,,,,,
,,,minecraft demo,,,Lenstag,,,,stack exchange,Carbon?,,,,,,,,,,
,,,mlb at bat,,,listen,,,,sticker & draw for hangouts,catlog,,,,,,,,,,
,,,Monopoly millionaire,,,LiveMixTapes?,,,,swarm,ccleaner,,,,,,,,,,
,,,Monument Valley,,,Livestream,,,,Sync.Me,cerberus,,,,,,,,,,
,,,Move,,,LMT,,,,TagsForLikes,CF Bench,,,,,,,,,,
,,,My Boy,,,LocalCast,,,,Talkray,CF.lumen,,,,,,,,,,
,,,My Talking Tom,,,Magic Piano,,,,talon for twitter,changelog droid,,,,,,,,,,
,,,n64oid?,,,manga cloud?,,,,tango,Chanu?,,,,,,,,,,
,,,NES emu,,,manga reader?,,,,tapatalk,chrome remote desktop,,,,,,,,,,
,,,new words with friends,,,manga rock,,,,taptalk,chrome to phone,,,,,,,,,,
,,,On the Line,,,media browser android,,,,teamspeak,chronus,,,,,,,,,,
,,,Only One,,,Media Converter,,,,telegram,cimb clicks malaysia,,,,,,,,,,
,,,openraid,,,meme creator,,,,Text Me,Citrix Receiver,,,,,,,,,,
,,,order and chaos,,,meme generator,,,,textPlus,cleanmaster,,,,,,,,,,
,,,OTTTD,,,Milk music,,,,Textra,ClearFocus,,,,,,,,,,
,,,Overkill Mafia,,,MoboPlayer Pro,,,,textsecure,clipper,,,,,,,,,,
,,,Pathogen,,,moon + reader,,,,texty,clock,,,,,,,,,,
,,,PBA Challenge,,,Motorola gallery,,,,threema,ClockSync,,,,,,,,,,
,,,pet rescue saga,,,Movietube?,,,,Thumb,cloud cube,,,,,,,,,,
,,,Pivvot,,,MovPlex, ,,,timehop,Cloudmail RU,,,,,,,,,,
,,,Pixel Dungeon,,,MP3 video converter,,,,tinder,cm apps,,,,,,,,,,
,,,Plague Inc,,,MP3dit,,,,Triiing,cm file browser,,,,,,,,,,
,,,plants vs zombies,,,Music Boss,,,,tumbler,CMC image scanner,,,,,,,,,,
,,,playstation,,,Music Composition,,,,tweedle,cmsecurity,,,,,,,,,,
,,,Pocket RPG,,,music d/l idrisyou ?,,,,Tweetcaster,color calendar,,,,,,,,,,
,,,Pool Break 3d,,,Music d/l paradise pro,,,,twitter,color picker,,,,,,,,,,
,,,Pou,,,music maniac,,,,ubersocial,compass,,,,,,,,,,
,,,quiz up,,,music visualizer,,,,UnTappd,compositore vocale?,,,,,,,,,,
,,,Quizduell,,,music?,,,,viber,connectbot,,,,,,,,,,
,,,R-Type,,,Music? android?,,,,vine,contact picture sync,,,,,,,,,,
,,,racing rivals,,,musiXmatch,,,,VK,contacts clean-up,,,,,,,,,,
,,,Real racing 3,,,mx player,,,,Vonage,Contacts plus,,,,,,,,,,
,,,Red Herring,,,my movies,,,,voxer,convert everything,,,,,,,,,,
,,,Ridiculous fishing?,,,My Piano,,,,Vyclone,Convert It,,,,,,,,,,
,,,Riptide GP2,,,n7player,,,,WeChat,ConvertPad,,,,,,,,,,
,,,Scopa,,,netflix,,,,whats app,Copy Bubble,,,,,,,,,,
,,,ScummVM,,,neutron music player,,,,whats app cloud?,CPU Spy,,,,,,,,,,
,,,Sea Battle,,,Next music,,,,wordpress,cpuz,,,,,,,,,,
,,,Shadowgun deadzone,,,Nick,,,,xda premium,Credito TIM,,,,,,,,,,
,,,Shattered Planet,,,nightlustig,,,,yahoo mail,Csipsimple,,,,,,,,,,
,,,Shurican,,,Noozxoide EIZO,,,,yahoo messenger,Dashclock tasker extension,,,,,,,,,,
,,,sixaxis controller,,,Noozy,,,,yelp,dashclock widget,,,,,,,,,,
,,,Sketchbook,,,obscuracam,,,,zoosk,Dashlane password manager,,,,,,,,,,
,,,ski safari,,,Odeon,,,,pen up,Data counter widget,,,,,,,,,,
,,,smash dude,,,Orange Wednesdays,,,,messaging,datasync,,,,,,,,,,
,,,smashhit,,,overdrivemediaconsole,,,,true caller,DaTuner,,,,,,,,,,
,,,SMITE,,,pandora,,,,Behance,DavDroid,,,,,,,,,,
,,,Snes9x ex,,,Parrot Zik 2.0,,,,Bleep,Deep sleep battery saver,,,,,,,,,,
,,,SNESoide,,,Perfect Viewer,,,,,delicious,,,,,,,,,,
,,,solitaire free (brainium),,,Phonto,,,,,Desjardins,,,,,,,,,,
,,,Sonic Racing Transformed,,,Photowall for Chromecast,,,,,dev tools?,,,,,,,,,,
,,,soul caliber,,,playboard,,,,,device frame generator,,,,,,,,,,
,,,spaceteam,,,PlayerPro DSP pack,,,,,device manager,,,,,,,,,,
,,,spider free (brainium),,,PlayerPro music,,,,,DigiCal,,,,,,,,,,
,,,Star Wars Tiny Death Star,,,playlist backup,,,,,DigitalOcean Swimmer,,,,,,,,,,
,,,steam,,,PlayMemories Mobile,,,,,disable service,,,,,,,,,,
,,,Stick Cricket,,,plex,,,,,Disk Info,,,,,,,,,,
,,,Stick Cricket Partnerships,,,pocket casts,,,,,diskusage,,,,,,,,,,
,,,Stick Tennis,,,poweramp,,,,,Documents,,,,,,,,,,
,,,stupid zombies 2,,,poweramp unlocker,,,,,DosBox Turbo,,,,,,,,,,
,,,sudoku free,,,pr0gramm,,,,,Downloader and private browser,,,,,,,,,,
,,,super hexagon,,,qello,,,,,downloads,,,,,,,,,,
,,,super mamc!,,,Radio FM,,,,,Dragon mobile assistant,,,,,,,,,,
,,,super stickman golf,,,Radio?,,,,,Droid edit pro,,,,,,,,,,
,,,superbrothers sword & scorcery,,,radio.com,,,,,DroidSheep Guard,,,,,,,,,,
,,,SuperGNES,,,Railscasts                ,,,,,Dropsync,,,,,,,,,,
,,,survival craft,,,RDIO,,,,,dSploit? not now,,,,,,,,,,
,,,Talking Angela,,,Rec.,,,,,DU Battery Saver & Widgets,,,,,,,,,,
,,,Talking Ginger 2,,,Red Bull TV,,,,,DU Speed Booster,,,,,,,,,,
,,,Tappy Chicken,,,redbox,,,,,Easy Downloader,,,,,,,,,,
,,,temple run,,,reddit in pictures,,,,,Easy Tether,,,,,,,,,,
,,,Terraria,,,Regal Cinemas,,,,,easy unrar unzip and zip,,,,,,,,,,
,,,tetris (EA),,,RetroArch,,,,,easy voice recorder,,,,,,,,,,
,,,tetris blitz,,,Rhapsody,,,,,EDS,,,,,,,,,,
,,,text dungeon,,,rogers tv home edition,,,,,Elevate,,,,,,,,,,
,,,The Bard's Tale,,,Roku,,,,,ES File explorer,,,,,,,,,,
,,,The game of life,,,saavn,,,,,ES Task Manager,,,,,,,,,,
,,,the impossible game,,,samsung sound detectors?,,,,,Event Flow calendar widget,,,,,,,,,,
,,,The King of Chess,,,Samsung video,,,,,evernote,,,,,,,,,,
,,,The Room,,,Samsung video editor,,,,,evernote widget,,,,,,,,,,
,,,The Room Two,,,samsung watchON,,,,,eznetscan,,,,,,,,,,
,,,The Simpsons Tapped Out,,,series guide,,,,,ezPDF Reader,,,,,,,,,,
,,,The Walking Dead Assault,,,shazam,,,,,fast reboot,,,,,,,,,,
,,,there is no pause button,,,showtime,,,,,FastConnect,,,,,,,,,,
,,,think,,,Shuttle music player,,,,,faux sound,,,,,,,,,,
,,,threes,,,simple lastfm,,,,,Faux123 Kernel Enhancement Pro,,,,,,,,,,
,,,Tiny Troopers,,,sirius xm,,,,,FCC Speed Test,,,,,,,,,,
,,,triple town,,,skitch,,,,,fedex,,,,,,,,,,
,,,trivia crack,,,Sky Guida TV,,,,,file manager,,,,,,,,,,
,,,Tupsu,,,Sky+,,,,,file manager - holo,,,,,,,,,,
,,,vector full,,,slacker radio,,,,,find my phone,,,,,,,,,,
,,,Vibes,,,Slideshare,,,,,Fing,,,,,,,,,,
,,,wack your boss,,,smart remote,,,,,FirstClass Mobile,,,,,,,,,,
,,,walking w/ dinosaurs - run,,,Smart Voice Recorder,,,,,flash alerts Pro,,,,,,,,,,
,,,Word Search Puzzle,,,smarttvremote,,,,,flashify,,,,,,,,,,
,,,wordament,,,smugmug,,,,,flattering?,,,,,,,,,,
,,,Wordbase,,,snapseed,,,,,FlightAware Flight Tracker,,,,,,,,,,
,,,wordfeud,,,songza,,,,,Floatifications,,,,,,,,,,
,,,words with crosses,,,Sonos,,,,,fly delta,,,,,,,,,,
,,,World of Goo,,,soundcloud,,,,,foldersync,,,,,,,,,,
,,,wow armory,,,soundhound,,,,,Font installer,,,,,,,,,,
,,,xbox 360 smartglass,,,Sphereshare,,,,,fontster,,,,,,,,,,
,,,xbox one smartglass,,,spotify,,,,,Franco.Kernel updater,,,,,,,,,,
,,,xbox one smartglass beta,,,STARZ play,,,,,Free 42,,,,,,,,,,
,,,xboxlive,,,Stitcher,,,,,Freedom?,,,,,,,,,,
,,,Xcom,,,story album?,,,,,Fuelio,,,,,,,,,,
,,,Zombie Tsunami,,,Subway Surfers,,,,,fx,,,,,,,,,,
,,,zombies line of defense,,,tabla,,,,,gallery hub,,,,,,,,,,
,,,,,,Tabs & Chords,,,,,gapps manager,,,,,,,,,,
,,,,,,Ted,,,,,generic file manager,,,,,,,,,,
,,,,,,the space cinema,,,,,genius scan,,,,,,,,,,
,,,,,,theCHIVE,,,,,gesture search,,,,,,,,,,
,,,,,,TIM music,,,,,Ghost Log (logcat viewer),,,,,,,,,,
,,,,,,Tiny Tunes?,,,,,gigwalk,,,,,,,,,,
,,,,,,Torrent Video Player,,,,,github,,,,,,,,,,
,,,,,,tunein radio,,,,,gitlab,,,,,,,,,,
,,,,,,TV 24 UK,,,,,Globaltrack mobile?,,,,,,,,,,
,,,,,,TV Catchup,,,,,Glovebox,,,,,,,,,,
,,,,,,tv guide,,,,,GMD Gesture Control,,,,,,,,,,
,,,,,,tv guide UK - on air,,,,,go locker,,,,,,,,,,
,,,,,,TV Portal,,,,,goo manager,,,,,,,,,,
,,,,,,TV Portal Unlocker,,,,,Google Japanese Input,,,,,,,,,,
,,,,,,TV Quran,,,,,Gravity screen,,,,,,,,,,
,,,,,,TWC TV,,,,,Gravitybox?,,,,,,,,,,
,,,,,,Twitch,,,,,green dot mobile,,,,,,,,,,
,,,,,,uSound Ares?,,,,,greenify,,,,,,,,,,
,,,,,,Ustream,,,,,GreenPower Premium,,,,,,,,,,
,,,,,,Uverse,,,,,Group Play,,,,,,,,,,
,,,,,,Uverse easy remote,,,,,group ringtones,,,,,,,,,,
,,,,,,vevo,,,,,GSam battery monitor,,,,,,,,,,
,,,,,,Video Kik,,,,,GSam battery root companion,,,,,,,,,,
,,,,,,video player?,,,,,GTasks,,,,,,,,,,
,,,,,,video player?,,,,,hancom office?,,,,,,,,,,
,,,,,,video recorder - generic,,,,,Hangar,,,,,,,,,,
,,,,,,VideoMediaset,,,,,hd widgets,,,,,,,,,,
,,,,,,videomixpro?,,,,,HeadsUp,,,,,,,,,,
,,,,,,videostreamchromecast,,,,,Helium,,,,,,,,,,
,,,,,,vimeo,,,,,Help?,,,,,,,,,,
,,,,,,viper 4 android fx?,,,,,Hide pictures,,,,,,,,,,
,,,,,,viral pro,,,,,Holofication nation?,,,,,,,,,,
,,,,,,viva video,,,,,Home Switcher,,,,,,,,,,
,,,,,,vlc,,,,,hotschedules,,,,,,,,,,
,,,,,,voice recorder - generic,,,,,How to Tie?,,,,,,,,,,
,,,,,,VoxxBoxx,,,,,HP All-in-One Printer Remote,,,,,,,,,,
,,,,,,vudu,,,,,HTC Power to Give,,,,,,,,,,
,,,,,,Vuze,,,,,IBM Notes Traveler,,,,,,,,,,
,,,,,,Watch ABC,,,,,ifixit,,,,,,,,,,
,,,,,,Watchever,,,,,iLoader for FB,,,,,,,,,,
,,,,,,xbmc,,,,,Inkpad Notepad,,,,,,,,,,
,,,,,,Xfactor UK,,,,,inSSIDer,,,,,,,,,,
,,,,,,xfinity,,,,,Instant Buttons?,,,,,,,,,,
,,,,,,xkcd browser,,,,,Insync,,,,,,,,,,
,,,,,,Yamaha AV Controller,,,,,internet?,,,,,,,,,,
,,,,,,yatse,,,,,Internet?,,,,,,,,,,
,,,,,,Yelo TV,,,,,internet?,,,,,,,,,,
,,,,,,Youview,,,,,ip scanner,,,,,,,,,,
,,,,,,YT Stars,,,,,iTap mobile RDP?,,,,,,,,,,
,,,,,,zedge,,,,,Jotterpad,,,,,,,,,,
,,,,,,Ziggo TV,,,,,JuiceDefender,,,,,,,,,,
,,,,,,Bandcamp,,,,,juicessh,,,,,,,,,,
,,,,,,Deviant Art 2,,,,,Kanji Senpai,,,,,,,,,,
,,,,,,,,,,,KControl ,,,,,,,,,,
,,,,,,,,,,,KD Collage Pro,,,,,,,,,,
,,,,,,,,,,,keep,,,,,,,,,,
,,,,,,,,,,,KeepassDroid,,,,,,,,,,
,,,,,,,,,,,Keeper,,,,,,,,,,
,,,,,,,,,,,kernel tweaker,,,,,,,,,,
,,,,,,,,,,,kit strumenti SIM?,,,,,,,,,,
,,,,,,,,,,,klinker apps?,,,,,,,,,,
,,,,,,,,,,,KNOX?,,,,,,,,,,
,,,,,,,,,,,krakens,,,,,,,,,,
,,,,,,,,,,,Lagfix,,,,,,,,,,
,,,,,,,,,,,LastPass,,,,,,,,,,
,,,,,,,,,,,LG G3 keyboard,,,,,,,,,,
,,,,,,,,,,,Life Track?,,,,,,,,,,
,,,,,,,,,,,LightFlow,,,,,,,,,,
,,,,,,,,,,,Line,,,,,,,,,,
,,,,,,,,,,,linux,,,,,,,,,,
,,,,,,,,,,,list my apps,,,,,,,,,,
,,,,,,,,,,,lit? not ever,,,,,,,,,,
,,,,,,,,,,,Loader droid,,,,,,,,,,
,,,,,,,,,,,Locale,,,,,,,,,,
,,,,,,,,,,,Lockdown Pro,,,,,,,,,,
,,,,,,,,,,,Lockermaster,,,,,,,,,,
,,,,,,,,,,,Lollipop call,,,,,,,,,,
,,,,,,,,,,,lookout security,,,,,,,,,,
,,,,,,,,,,,Lucky Patcher?,,,,,,,,,,
,,,,,,,,,,,lumen toolbar,,,,,,,,,,
,,,,,,,,,,,lux,,,,,,,,,,
,,,,,,,,,,,m4de.mobi,,,,,,,,,,
,,,,,,,,,,,magicApp,,,,,,,,,,
,,,,,,,,,,,Mark as Read,,,,,,,,,,
,,,,,,,,,,,MathAlly Graphing Calculator,,,,,,,,,,
,,,,,,,,,,,MathsApp,,,,,,,,,,
,,,,,,,,,,,memory reboot ,,,,,,,,,,
,,,,,,,,,,,mensa bs,,,,,,,,,,
,,,,,,,,,,,mGerrit,,,,,,,,,,
,,,,,,,,,,,missed it,,,,,,,,,,
,,,,,,,,,,,mixplorer,,,,,,,,,,
,,,,,,,,,,,Mobile security &antivirus,,,,,,,,,,
,,,,,,,,,,,mobile zone?,,,,,,,,,,
,,,,,,,,,,,mobilism market?,,,,,,,,,,
,,,,,,,,,,,mobizen,,,,,,,,,,
,,,,,,,,,,,MOGA Pivot,,,,,,,,,,
,,,,,,,,,,,Motorola Alert,,,,,,,,,,
,,,,,,,,,,,Motorola Connect,,,,,,,,,,
,,,,,,,,,,,motorola help,,,,,,,,,,
,,,,,,,,,,,Motorola Migrate,,,,,,,,,,
,,,,,,,,,,,Motorola Spotlight Player,,,,,,,,,,
,,,,,,,,,,,mouse wait,,,,,,,,,,
,,,,,,,,,,,mPing,,,,,,,,,,
,,,,,,,,,,,Mr. Number,,,,,,,,,,
,,,,,,,,,,,MS Office Mobile,,,,,,,,,,
,,,,,,,,,,,multirom manager,,,,,,,,,,
,,,,,,,,,,,my backup pro,,,,,,,,,,
,,,,,,,,,,,My Disney Experience ,,,,,,,,,,
,,,,,,,,,,,my ee,,,,,,,,,,
,,,,,,,,,,,My Files?,,,,,,,,,,
,,,,,,,,,,,my wind,,,,,,,,,,
,,,,,,,,,,,My World?,,,,,,,,,,
,,,,,,,,,,,MyFASTWEB,,,,,,,,,,
,,,,,,,,,,,MyScript Calculator,,,,,,,,,,
,,,,,,,,,,,n4get reminder pro,,,,,,,,,,
,,,,,,,,,,,Nandroid manager,,,,,,,,,,
,,,,,,,,,,,NASA,,,,,,,,,,
,,,,,,,,,,,Nectar,,,,,,,,,,
,,,,,,,,,,,NETGEAR WiFi Analytics,,,,,,,,,,
,,,,,,,,,,,Network Signal Info,,,,,,,,,,
,,,,,,,,,,,Next launcher 3d shell,,,,,,,,,,
,,,,,,,,,,,Next notifications,,,,,,,,,,
,,,,,,,,,,,Nexus 4 modem flasher,,,,,,,,,,
,,,,,,,,,,,nexus display control,,,,,,,,,,
,,,,,,,,,,,NICE BNF,,,,,,,,,,
,,,,,,,,,,,NICE Guidance,,,,,,,,,,
,,,,,,,,,,,night filter pro,,,,,,,,,,
,,,,,,,,,,,Norton,,,,,,,,,,
,,,,,,,,,,,Notes,,,,,,,,,,
,,,,,,,,,,,Notif Pro,,,,,,,,,,
,,,,,,,,,,,Notific,,,,,,,,,,
,,,,,,,,,,,Notifier,,,,,,,,,,
,,,,,,,,,,,Notify My Android,,,,,,,,,,
,,,,,,,,,,,Numix Calculator,,,,,,,,,,
,,,,,,,,,,,OBD Auto Doctor,,,,,,,,,,
,,,,,,,,,,,Octodroid,,,,,,,,,,
,,,,,,,,,,,offers?,,,,,,,,,,
,,,,,,,,,,,office suite pro,,,,,,,,,,
,,,,,,,,,,,ohms law,,,,,,,,,,
,,,,,,,,,,,OI file manager,,,,,,,,,,
,,,,,,,,,,,ok lottery,,,,,,,,,,
,,,,,,,,,,,Omni Notes,,,,,,,,,,
,,,,,,,,,,,Omni Switch?,,,,,,,,,,
,,,,,,,,,,,omniswitch?,,,,,,,,,,
,,,,,,,,,,,OneNote,,,,,,,,,,
,,,,,,,,,,,Online Nandroid Backup,,,,,,,,,,
,,,,,,,,,,,open document reader,,,,,,,,,,
,,,,,,,,,,,open signal,,,,,,,,,,
,,,,,,,,,,,OpenVPN for Android,,,,,,,,,,
,,,,,,,,,,,Orbot,,,,,,,,,,
,,,,,,,,,,,Orweb,,,,,,,,,,
,,,,,,,,,,,Ovo timer,,,,,,,,,,
,,,,,,,,,,,Package Buddy,,,,,,,,,,
,,,,,,,,,,,PAEK,,,,,,,,,,
,,,,,,,,,,,panecal ,,,,,,,,,,
,,,,,,,,,,,paper artist?,,,,,,,,,,
,,,,,,,,,,,paper weight?,,,,,,,,,,
,,,,,,,,,,,papyrus,,,,,,,,,,
,,,,,,,,,,,paranoid OTA,,,,,,,,,,
,,,,,,,,,,,passport mobile,,,,,,,,,,
,,,,,,,,,,,Password Box,,,,,,,,,,
,,,,,,,,,,,Pebble,,,,,,,,,,
,,,,,,,,,,,peek,,,,,,,,,,
,,,,,,,,,,,per-app modes,,,,,,,,,,
,,,,,,,,,,,Percent Calculator,,,,,,,,,,
,,,,,,,,,,,persist,,,,,,,,,,
,,,,,,,,,,,phloem?,,,,,,,,,,
,,,,,,,,,,,Photo Reader,,,,,,,,,,
,,,,,,,,,,,pirate bay browser,,,,,,,,,,
,,,,,,,,,,,play store fixes,,,,,,,,,,
,,,,,,,,,,,pocket,,,,,,,,,,
,,,,,,,,,,,Pocket - TC,,,,,,,,,,
,,,,,,,,,,,Polaris Office,,,,,,,,,,
,,,,,,,,,,,popcorn time?,,,,,,,,,,
,,,,,,,,,,,power toggles,,,,,,,,,,
,,,,,,,,,,,poynt,,,,,,,,,,
,,,,,,,,,,,prefixer,,,,,,,,,,
,,,,,,,,,,,Prey,,,,,,,,,,
,,,,,,,,,,,Pulseway,,,,,,,,,,
,,,,,,,,,,,purchased apps,,,,,,,,,,
,,,,,,,,,,,pushbullet,,,,,,,,,,
,,,,,,,,,,,Pushover,,,,,,,,,,
,,,,,,,,,,,QR barcode scanner,,,,,,,,,,
,,,,,,,,,,,QR Droid,,,,,,,,,,
,,,,,,,,,,,quadrant,,,,,,,,,,
,,,,,,,,,,,Quick Boot,,,,,,,,,,
,,,,,,,,,,,Quick Event,,,,,,,,,,
,,,,,,,,,,,Quick Info Dashclock Extension,,,,,,,,,,
,,,,,,,,,,,Quick PDF scanner,,,,,,,,,,
,,,,,,,,,,,quickoffice,,,,,,,,,,
,,,,,,,,,,,Quiet sleep,,,,,,,,,,
,,,,,,,,,,,rd client - microsoft remote desktop,,,,,,,,,,
,,,,,,,,,,,RealSilent,,,,,,,,,,
,,,,,,,,,,,Recollect,,,,,,,,,,
,,,,,,,,,,,redlaser barcode and QR,,,,,,,,,,
,,,,,,,,,,,registratore suoni?,,,,,,,,,,
,,,,,,,,,,,remind101,,,,,,,,,,
,,,,,,,,,,,remote desktop client,,,,,,,,,,
,,,,,,,,,,,remote transmission,,,,,,,,,,
,,,,,,,,,,,Repeating notifications,,,,,,,,,,
,,,,,,,,,,,Rewardable,,,,,,,,,,
,,,,,,,,,,,ringtone maker,,,,,,,,,,
,,,,,,,,,,,Robin?,,,,,,,,,,
,,,,,,,,,,,rom installer,,,,,,,,,,
,,,,,,,,,,,rom manager,,,,,,,,,,
,,,,,,,,,,,rom toolbox pro,,,,,,,,,,
,,,,,,,,,,,root browser,,,,,,,,,,
,,,,,,,,,,,Root Call Blocker Pro,,,,,,,,,,
,,,,,,,,,,,Root Checker,,,,,,,,,,
,,,,,,,,,,,root explorer,,,,,,,,,,
,,,,,,,,,,,Root PNF,,,,,,,,,,
,,,,,,,,,,,root Pry-Fi,,,,,,,,,,
,,,,,,,,,,,root uninstaller pro,,,,,,,,,,
,,,,,,,,,,,Roundr,,,,,,,,,,
,,,,,,,,,,,S Converter,,,,,,,,,,
,,,,,,,,,,,S Memo,,,,,,,,,,
,,,,,,,,,,,S note? - SAMSUNG only app,,,,,,,,,,
,,,,,,,,,,,s suggest,,,,,,,,,,
,,,,,,,,,,,s translator,,,,,,,,,,
,,,,,,,,,,,S voice? - SAMSUNG only app,,,,,,,,,,
,,,,,,,,,,,SA Manager?,,,,,,,,,,
,,,,,,,,,,,safe in cloud,,,,,,,,,,
,,,,,,,,,,,samsung hub,,,,,,,,,,
,,,,,,,,,,,samsung link,,,,,,,,,,
,,,,,,,,,,,samsung scrapbook?,,,,,,,,,,
,,,,,,,,,,,samsung suggest,,,,,,,,,,
,,,,,,,,,,,save to pocket?,,,,,,,,,,
,,,,,,,,,,,Say no to 0870,,,,,,,,,,
,,,,,,,,,,,SchlossApp,,,,,,,,,,
,,,,,,,,,,,Screebl,,,,,,,,,,
,,,,,,,,,,,screen dim full,,,,,,,,,,
,,,,,,,,,,,screen filter,,,,,,,,,,
,,,,,,,,,,,Screen off and lock,,,,,,,,,,
,,,,,,,,,,,Screenwise Panel,,,,,,,,,,
,,,,,,,,,,,sdmaid,,,,,,,,,,
,,,,,,,,,,,Secure Settings,,,,,,,,,,
,,,,,,,,,,,send anywhere,,,,,,,,,,
,,,,,,,,,,,sensor list,,,,,,,,,,
,,,,,,,,,,,setcpu,,,,,,,,,,
,,,,,,,,,,,settings,,,,,,,,,,
,,,,,,,,,,,Shadowsocks,,,,,,,,,,
,,,,,,,,,,,share it?,,,,,,,,,,
,,,,,,,,,,,Shopper?,,,,,,,,,,
,,,,,,,,,,,Showbox?,,,,,,,,,,
,,,,,,,,,,,SickStache,,,,,,,,,,
,,,,,,,,,,,Sidebar Pro,,,,,,,,,,
,,,,,,,,,,,Sim toolkit?,,,,,,,,,,
,,,,,,,,,,,Simplenote,,,,,,,,,,
,,,,,,,,,,,slack,,,,,,,,,,
,,,,,,,,,,,sleepcloud backup,,,,,,,,,,
,,,,,,,,,,,SleepWidget,,,,,,,,,,
,,,,,,,,,,,slide me?,,,,,,,,,,
,,,,,,,,,,,Sliding Explorer,,,,,,,,,,
,,,,,,,,,,,smart compass,,,,,,,,,,
,,,,,,,,,,,Smart Rotator,,,,,,,,,,
,,,,,,,,,,,smart tools,,,,,,,,,,
,,,,,,,,,,,smarthub,,,,,,,,,,
,,,,,,,,,,,smooth calendar,,,,,,,,,,
,,,,,,,,,,,SMS Backup & Restore,,,,,,,,,,
,,,,,,,,,,,SMS Backup+,,,,,,,,,,
,,,,,,,,,,,snapdragon battery guru,,,,,,,,,,
,,,,,,,,,,,SoftkeyZ Root,,,,,,,,,,
,,,,,,,,,,,solid explorer,,,,,,,,,,
,,,,,,,,,,,Sound Recorder?,,,,,,,,,,
,,,,,,,,,,,soundloader?,,,,,,,,,,
,,,,,,,,,,,speaker clean,,,,,,,,,,
,,,,,,,,,,,speedtest - ookla,,,,,,,,,,
,,,,,,,,,,,speedtest - sensorly,,,,,,,,,,
,,,,,,,,,,,spideroak,,,,,,,,,,
,,,,,,,,,,,Splashtop 2 remote desktop,,,,,,,,,,
,,,,,,,,,,,SQLite Editor,,,,,,,,,,
,,,,,,,,,,,square enix,,,,,,,,,,
,,,,,,,,,,,Square Register,,,,,,,,,,
,,,,,,,,,,,squaredroid,,,,,,,,,,
,,,,,,,,,,,squatch,,,,,,,,,,
,,,,,,,,,,,stickmount,,,,,,,,,,
,,,,,,,,,,,story album?,,,,,,,,,,
,,,,,,,,,,,strava,,,,,,,,,,
,,,,,,,,,,,subito it,,,,,,,,,,
,,,,,,,,,,,sunrise calendar,,,,,,,,,,
,,,,,,,,,,,superbeam,,,,,,,,,,
,,,,,,,,,,,SuperSU,,,,,,,,,,
,,,,,,,,,,,swipeback?,,,,,,,,,,
,,,,,,,,,,,SwipePad,,,,,,,,,,
,,,,,,,,,,,Switchr,,,,,,,,,,
,,,,,,,,,,,swype tweaks,,,,,,,,,,
,,,,,,,,,,,system app remover,,,,,,,,,,
,,,,,,,,,,,system monitor - CG,,,,,,,,,,
,,,,,,,,,,,System Monitor - PP,,,,,,,,,,
,,,,,,,,,,,system panel,,,,,,,,,,
,,,,,,,,,,,System Tuner,,,,,,,,,,
,,,,,,,,,,,Taschenlampe?,,,,,,,,,,
,,,,,,,,,,,Taskei,,,,,,,,,,
,,,,,,,,,,,tasker,,,,,,,,,,
,,,,,,,,,,,Tasks,,,,,,,,,,
,,,,,,,,,,,Team Viewer,,,,,,,,,,
,,,,,,,,,,,telenet mobile,,,,,,,,,,
,,,,,,,,,,,telnet,,,,,,,,,,
,,,,,,,,,,,terminal emulator,,,,,,,,,,
,,,,,,,,,,,Terrain,,,,,,,,,,
,,,,,,,,,,,tesla unread,,,,,,,,,,
,,,,,,,,,,,teslaLED,,,,,,,,,,
,,,,,,,,,,,texdroider,,,,,,,,,,
,,,,,,,,,,,Text Fairy,,,,,,,,,,
,,,,,,,,,,,themer,,,,,,,,,,
,,,,,,,,,,,three ,,,,,,,,,,
,,,,,,,,,,,TIM 119,,,,,,,,,,
,,,,,,,,,,,Timely,,,,,,,,,,
,,,,,,,,,,,TimePIN?,,,,,,,,,,
,,,,,,,,,,,Timewise,,,,,,,,,,
,,,,,,,,,,,titanium backup,,,,,,,,,,
,,,,,,,,,,,today calendar,,,,,,,,,,
,,,,,,,,,,,today calendar widgets,,,,,,,,,,
,,,,,,,,,,,Todoist,,,,,,,,,,
,,,,,,,,,,,Toolbar (Dock),,,,,,,,,,
,,,,,,,,,,,torch?,,,,,,,,,,
,,,,,,,,,,,torcia?,,,,,,,,,,
,,,,,,,,,,,torque pro,,,,,,,,,,
,,,,,,,,,,,total commander,,,,,,,,,,
,,,,,,,,,,,touch control?,,,,,,,,,,
,,,,,,,,,,,Touchdown,,,,,,,,,,
,,,,,,,,,,,towel root?,,,,,,,,,,
,,,,,,,,,,,TP link tether,,,,,,,,,,
,,,,,,,,,,,transdroid?,,,,,,,,,,
,,,,,,,,,,,Trello,,,,,,,,,,
,,,,,,,,,,,triangle away,,,,,,,,,,
,,,,,,,,,,,Trickster Mod Kernal Settings,,,,,,,,,,
,,,,,,,,,,,trigger,,,,,,,,,,
,,,,,,,,,,,tTorrent ,,,,,,,,,,
,,,,,,,,,,,Tubemate,,,,,,,,,,
,,,,,,,,,,,tuner gstrings free,,,,,,,,,,
,,,,,,,,,,,turbo scan,,,,,,,,,,
,,,,,,,,,,,Twilight,,,,,,,,,,
,,,,,,,,,,,TWRP Manager,,,,,,,,,,
,,,,,,,,,,,type and speak,,,,,,,,,,
,,,,,,,,,,,Type Machine,,,,,,,,,,
,,,,,,,,,,,UCCW ultimate custum widget,,,,,,,,,,
,,,,,,,,,,,ultra explorer?,,,,,,,,,,
,,,,,,,,,,,unit converter plus,,,,,,,,,,
,,,,,,,,,,,ups,,,,,,,,,,
,,,,,,,,,,,UpTo,,,,,,,,,,
,,,,,,,,,,,usage manager?,,,,,,,,,,
,,,,,,,,,,,USB host diagnostics,,,,,,,,,,
,,,,,,,,,,,vellamo,,,,,,,,,,
,,,,,,,,,,,Vera Mobile,,,,,,,,,,
,,,,,,,,,,,voice dialer?,,,,,,,,,,
,,,,,,,,,,,Voice Search,,,,,,,,,,
,,,,,,,,,,,volume plus,,,,,,,,,,
,,,,,,,,,,,VX ConnectBot,,,,,,,,,,
,,,,,,,,,,,vyprVPN,,,,,,,,,,
,,,,,,,,,,,wake on lan,,,,,,,,,,
,,,,,,,,,,,wakelock detector,,,,,,,,,,
,,,,,,,,,,,Wemo Manager,,,,,,,,,,
,,,,,,,,,,,Widgetlocker,,,,,,,,,,
,,,,,,,,,,,wifi analyzer,,,,,,,,,,
,,,,,,,,,,,wifi file explorer,,,,,,,,,,
,,,,,,,,,,,wifi inspect,,,,,,,,,,
,,,,,,,,,,,Wifi key recovery,,,,,,,,,,
,,,,,,,,,,,wifi password,,,,,,,,,,
,,,,,,,,,,,Wifi Password Sniffer?,,,,,,,,,,
,,,,,,,,,,,wifi passwords,,,,,,,,,,
,,,,,,,,,,,wifi scheduler,,,,,,,,,,
,,,,,,,,,,,wikipedia,,,,,,,,,,
,,,,,,,,,,,wikipedia beta,,,,,,,,,,
,,,,,,,,,,,Wings for JIRA,,,,,,,,,,
,,,,,,,,,,,wodbox pro,,,,,,,,,,
,,,,,,,,,,,WolframAlpha,,,,,,,,,,
,,,,,,,,,,,word lens translator,,,,,,,,,,
,,,,,,,,,,,wordpad,,,,,,,,,,
,,,,,,,,,,,workplace timesheet,,,,,,,,,,
,,,,,,,,,,,world clock?,,,,,,,,,,
,,,,,,,,,,,world power sockets and adapters,,,,,,,,,,
,,,,,,,,,,,WPS office,,,,,,,,,,
,,,,,,,,,,,wrotatr? not now,,,,,,,,,,
,,,,,,,,,,,WRPN 16c,,,,,,,,,,
,,,,,,,,,,,wunderlist,,,,,,,,,,
,,,,,,,,,,,Xfinity My account,,,,,,,,,,
,,,,,,,,,,,Xfinity Wifi,,,,,,,,,,
,,,,,,,,,,,xposed installer,,,,,,,,,,
,,,,,,,,,,,yahoo search,,,,,,,,,,
,,,,,,,,,,,Yandex disk,,,,,,,,,,
,,,,,,,,,,,Yandex metro,,,,,,,,,,
,,,,,,,,,,,youmail visual voicemail,,,,,,,,,,
,,,,,,,,,,,youtube adaway?,,,,,,,,,,
,,,,,,,,,,,zarchiver,,,,,,,,,,
,,,,,,,,,,,zip installer,,,,,,,,,,
,,,,,,,,,,,zip me,,,,,,,,,,
,,,,,,,,,,,ZipSigner,,,,,,,,,,
,,,,,,,,,,,µTask,,,,,,,,,,
,,,,,,,,,,,µTorrent,,,,,,,,,,
,,,,,,,,,,,Draft,,,,,,,,,,